docID,wordID,frequency,hitlist
5,0,1,"0, 183"
5,1,2,"0, 186;0, 188"
5,2,1,"0, 186"
5,3,1,"0, 188"
5,4,1,"0, 191"
5,5,1,"0, 216"
5,6,2,"0, 224;0, 231"
5,7,1,"0, 252"
5,8,1,"0, 263"
5,9,2,"0, 264;0, 364"
5,10,1,"0, 266"
5,11,3,"0, 267;0, 374;0, 378"
5,12,1,"0, 277"
5,13,3,"0, 287;0, 581;0, 765"
5,14,1,"0, 289"
5,15,1,"0, 292"
5,16,1,"0, 296"
5,17,1,"0, 299"
5,18,1,"0, 302"
5,19,1,"0, 316"
5,20,1,"0, 320"
5,21,1,"0, 323"
5,22,2,"0, 331;2, 1"
5,23,1,"0, 339"
5,24,2,"0, 340;0, 928"
5,25,1,"0, 342"
5,26,4,"0, 348;0, 374;0, 378;0, 387"
5,27,2,"0, 352;0, 674"
5,28,1,"0, 353"
5,29,1,"0, 360"
5,30,2,"0, 365;0, 602"
5,31,2,"0, 368;0, 388"
5,32,1,"0, 370"
5,33,1,"0, 383"
5,34,1,"0, 386"
5,35,1,"0, 387"
5,36,1,"0, 396"
5,37,1,"0, 412"
5,38,1,"0, 423"
5,39,1,"0, 428"
5,40,1,"0, 430"
5,41,1,"0, 433"
5,42,1,"0, 436"
5,43,1,"0, 444"
5,44,1,"0, 446"
5,45,2,"0, 454;0, 500"
5,46,1,"0, 483"
5,47,1,"0, 485"
5,48,1,"0, 495"
5,49,1,"0, 502"
5,50,1,"0, 507"
5,51,1,"0, 508"
5,52,3,"0, 509;0, 537;0, 577"
5,53,1,"0, 520"
5,54,1,"0, 524"
5,55,1,"0, 529"
5,56,3,"0, 538;0, 718;0, 955"
5,57,1,"0, 540"
5,58,1,"0, 543"
5,59,1,"0, 546"
5,60,1,"0, 556"
5,61,1,"0, 558"
5,62,1,"0, 563"
5,63,1,"0, 574"
5,64,3,"0, 606;0, 760;0, 792"
5,65,2,"0, 609;0, 640"
5,66,1,"0, 613"
5,67,1,"0, 618"
5,68,1,"0, 621"
5,69,1,"0, 623"
5,70,1,"0, 625"
5,71,1,"0, 647"
5,72,1,"0, 649"
5,73,1,"0, 652"
5,74,1,"0, 658"
5,75,1,"0, 660"
5,76,1,"0, 663"
5,77,2,"0, 670;0, 712"
5,78,1,"0, 678"
5,79,2,"0, 683;0, 706"
5,80,1,"0, 686"
5,81,2,"0, 688;0, 720"
5,82,1,"0, 704"
5,83,1,"0, 708"
5,84,1,"0, 720"
5,85,1,"0, 727"
5,86,1,"0, 730"
5,87,1,"0, 733"
5,88,1,"0, 738"
5,89,1,"0, 742"
5,90,1,"0, 744"
5,91,1,"0, 757"
5,92,1,"0, 769"
5,93,1,"0, 780"
5,94,1,"0, 781"
5,95,1,"0, 786"
5,96,2,"0, 794;0, 946"
5,97,1,"0, 796"
5,98,1,"0, 804"
5,99,1,"0, 815"
5,100,1,"0, 819"
5,101,2,"0, 833;0, 837"
5,102,1,"0, 839"
5,103,1,"0, 840"
5,104,1,"0, 845"
5,105,1,"0, 846"
5,106,1,"0, 850"
5,107,1,"0, 853"
5,108,1,"0, 881"
5,109,1,"0, 888"
5,110,1,"0, 890"
5,111,1,"0, 896"
5,112,1,"0, 913"
5,113,1,"0, 924"
5,114,1,"0, 929"
5,115,2,"0, 932;0, 967"
5,116,1,"0, 936"
5,117,1,"0, 938"
5,118,1,"0, 954"
5,119,1,"0, 965"
5,120,1,"0, 969"
5,121,1,"0, 977"
5,122,1,"0, 978"
5,123,1,"0, 979"
5,124,1,"2, 11"
6,125,7,"3, 5;0, 5;0, 97;0, 709;0, 997;0, 1198;0, 1417"
6,126,3,"3, 6;0, 6;0, 1199"
6,127,3,"3, 9;0, 9;0, 40"
6,128,1,"0, 11"
6,36,3,"0, 17;0, 180;0, 1207"
6,129,1,"0, 19"
6,130,1,"0, 23"
6,131,1,"0, 24"
6,83,3,"0, 35;0, 151;0, 1499"
6,132,1,"0, 37"
6,133,1,"0, 46"
6,134,1,"0, 52"
6,135,2,"0, 65;0, 1491"
6,136,1,"0, 70"
6,137,13,"0, 88;0, 338;0, 387;0, 441;0, 519;0, 545;0, 565;0, 779;0, 800;0, 1008;0, 1088;0, 1256;2, 7"
6,138,1,"0, 91"
6,139,1,"0, 93"
6,140,1,"0, 112"
6,141,1,"0, 113"
6,142,1,"0, 116"
6,143,1,"0, 124"
6,144,2,"0, 141;0, 711"
6,145,1,"0, 150"
6,146,1,"0, 157"
6,147,1,"0, 159"
6,148,3,"0, 163;0, 1031;0, 1060"
6,149,1,"0, 168"
6,150,3,"0, 169;0, 853;0, 1114"
6,151,1,"0, 172"
6,152,1,"0, 182"
6,153,6,"0, 184;0, 761;0, 785;0, 1116;0, 1276;0, 1390"
6,154,1,"0, 193"
6,155,1,"0, 201"
6,156,3,"0, 202;0, 234;0, 622"
6,157,2,"0, 209;0, 402"
6,158,2,"0, 228;0, 693"
6,159,3,"0, 275;0, 280;0, 289"
6,160,3,"0, 277;0, 284;0, 798"
6,161,3,"0, 287;0, 447;0, 1130"
6,162,1,"0, 302"
6,24,3,"0, 332;0, 571;0, 756"
6,124,1,"0, 339"
6,163,3,"0, 349;0, 445;0, 493"
6,164,1,"0, 355"
6,165,1,"0, 362"
6,166,1,"0, 367"
6,167,1,"0, 373"
6,168,1,"0, 382"
6,169,1,"0, 385"
6,170,1,"0, 390"
6,171,1,"0, 432"
6,172,3,"0, 433;0, 436;0, 1047"
6,173,3,"0, 434;0, 1000;0, 1014"
6,174,2,"0, 438;0, 1010"
6,175,1,"0, 439"
6,176,1,"0, 443"
6,177,2,"0, 462;0, 1404"
6,178,5,"0, 469;0, 811;0, 868;0, 881;0, 1306"
6,179,3,"0, 470;0, 476;0, 1401"
6,180,1,"0, 488"
6,181,1,"0, 510"
6,182,1,"0, 512"
6,183,1,"0, 515"
6,184,1,"0, 517"
6,185,1,"0, 529"
6,186,1,"0, 530"
6,187,1,"0, 557"
6,188,1,"0, 561"
6,189,4,"0, 576;0, 632;0, 652;0, 768"
6,190,1,"0, 581"
6,191,1,"0, 595"
6,192,1,"0, 610"
6,193,1,"0, 643"
6,194,1,"0, 644"
6,195,1,"0, 655"
6,196,1,"0, 691"
6,197,1,"0, 692"
6,198,1,"0, 695"
6,199,1,"0, 696"
6,200,1,"0, 721"
6,76,2,"0, 727;0, 828"
6,201,1,"0, 743"
6,202,1,"0, 755"
6,203,1,"0, 773"
6,204,1,"0, 795"
6,205,1,"0, 797"
6,206,1,"0, 801"
6,108,1,"0, 804"
6,207,1,"0, 806"
6,208,1,"0, 823"
6,209,1,"0, 836"
6,210,3,"0, 838;0, 1238;0, 1503"
6,211,3,"0, 843;0, 877;0, 953"
6,212,1,"0, 862"
6,213,1,"0, 883"
6,214,1,"0, 889"
6,215,1,"0, 900"
6,216,1,"0, 916"
6,217,1,"0, 977"
6,218,1,"0, 985"
6,219,1,"0, 988"
6,220,1,"0, 991"
6,221,1,"0, 995"
6,222,1,"0, 1012"
6,48,1,"0, 1062"
6,223,1,"0, 1064"
6,224,1,"0, 1087"
6,225,1,"0, 1090"
6,226,1,"0, 1105"
6,227,1,"0, 1106"
6,228,1,"0, 1124"
6,229,1,"0, 1132"
6,230,1,"0, 1134"
6,231,1,"0, 1136"
6,5,1,"0, 1140"
6,43,1,"0, 1182"
6,232,1,"0, 1187"
6,233,1,"0, 1192"
6,234,2,"0, 1220;0, 1412"
6,235,1,"0, 1223"
6,236,1,"0, 1230"
6,237,1,"0, 1236"
6,238,1,"0, 1248"
6,239,1,"0, 1258"
6,240,1,"0, 1268"
6,241,1,"0, 1274"
6,242,1,"0, 1285"
6,243,1,"0, 1286"
6,244,1,"0, 1289"
6,115,1,"0, 1303"
6,245,1,"0, 1305"
6,246,1,"0, 1311"
6,247,1,"0, 1335"
6,100,1,"0, 1337"
6,248,1,"0, 1339"
6,249,1,"0, 1347"
6,250,1,"0, 1355"
6,251,1,"0, 1358"
6,252,1,"0, 1360"
6,253,4,"0, 1365;0, 1373;0, 1422;0, 1434"
6,254,1,"0, 1369"
6,255,1,"0, 1379"
6,256,1,"0, 1383"
6,257,1,"0, 1407"
6,258,1,"0, 1421"
6,259,1,"0, 1437"
6,260,1,"0, 1438"
6,261,1,"0, 1452"
6,262,2,"0, 1454;2, 10"
6,263,1,"0, 1460"
6,264,1,"0, 1472"
6,265,1,"0, 1473"
6,266,1,"0, 1476"
6,267,1,"0, 1477"
6,268,1,"0, 1504"
6,269,1,"2, 4"
6,270,1,"2, 13"
6,271,1,"1, 1"
6,272,1,"1, 2"
7,121,4,"3, 0;0, 0;0, 10;0, 79"
7,273,3,"3, 1;0, 1;0, 80"
7,274,4,"3, 2;0, 2;0, 12;0, 81"
7,275,4,"3, 4;0, 4;0, 15;0, 618"
7,276,32,"3, 6;0, 6;0, 17;0, 199;0, 362;0, 395;0, 412;0, 421;0, 440;0, 449;0, 457;0, 468;0, 481;0, 507;0, 517;0, 552;0, 584;0, 620;0, 637;0, 647;0, 664;0, 673;0, 695;0, 700;0, 733;0, 746;0, 774;0, 793;0, 828;0, 1042;0, 1066;0, 1097"
7,277,5,"3, 7;0, 7;0, 18;0, 200;0, 621"
7,278,19,"3, 9;0, 9;0, 20;0, 60;0, 172;0, 277;0, 368;0, 549;0, 623;0, 876;0, 904;0, 924;0, 972;0, 1175;0, 1273;0, 1334;0, 1355;0, 1383;2, 10"
7,279,1,"0, 11"
7,280,3,"0, 25;0, 591;0, 1045"
7,281,4,"0, 26;0, 592;0, 1046;0, 1331"
7,282,2,"0, 29;0, 595"
7,283,2,"0, 32;0, 791"
7,284,2,"0, 38;0, 589"
7,285,2,"0, 41;0, 1056"
7,286,2,"0, 44;0, 1059"
7,287,1,"0, 48"
7,288,1,"0, 51"
7,289,2,"0, 54;0, 830"
7,290,6,"0, 55;0, 125;0, 157;0, 325;0, 341;0, 531"
7,291,1,"0, 56"
7,292,8,"0, 58;0, 161;0, 183;0, 203;0, 226;0, 231;0, 313;0, 338"
7,293,2,"0, 62;1, 1"
7,294,2,"0, 63;1, 2"
7,295,6,"0, 74;0, 104;0, 272;0, 305;0, 1082;0, 1143"
7,296,2,"0, 76;0, 128"
7,297,2,"0, 85;0, 835"
7,298,1,"0, 87"
7,299,2,"0, 96;0, 525"
7,300,6,"0, 105;0, 239;0, 262;0, 330;0, 381;0, 544"
7,301,1,"0, 107"
7,181,5,"0, 108;0, 547;0, 978;0, 1270;0, 1320"
7,302,1,"0, 111"
7,303,2,"0, 112;0, 953"
7,304,1,"0, 114"
7,305,1,"0, 115"
7,306,2,"0, 118;0, 140"
7,307,1,"0, 120"
7,308,1,"0, 121"
7,309,3,"0, 127;0, 575;0, 811"
7,310,1,"0, 131"
7,311,1,"0, 136"
7,312,1,"0, 138"
7,313,1,"0, 141"
7,314,1,"0, 144"
7,315,1,"0, 147"
7,316,1,"0, 148"
7,42,6,"0, 150;0, 166;0, 189;0, 206;0, 296;0, 538"
7,317,1,"0, 152"
7,318,1,"0, 159"
7,319,3,"0, 164;0, 185;0, 220"
7,320,1,"0, 168"
7,321,3,"0, 170;0, 191;0, 366"
7,322,1,"0, 178"
7,323,1,"0, 181"
7,324,1,"0, 188"
7,325,2,"0, 197;0, 335"
7,326,1,"0, 200"
7,327,1,"0, 202"
7,328,2,"0, 205;0, 535"
7,329,2,"0, 207;0, 541"
7,330,1,"0, 222"
7,331,1,"0, 223"
7,332,1,"0, 228"
7,333,7,"0, 234;0, 387;0, 749;0, 915;0, 998;0, 1173;0, 1323"
7,334,2,"0, 249;0, 286"
7,69,1,"0, 256"
7,172,1,"0, 257"
7,335,2,"0, 264;0, 383"
7,336,2,"0, 267;0, 385"
7,337,7,"0, 269;0, 408;0, 772;0, 938;0, 1022;0, 1204;0, 1353"
7,338,1,"0, 276"
7,339,1,"0, 278"
7,340,1,"0, 290"
7,341,1,"0, 292"
7,268,1,"0, 293"
7,141,2,"0, 301;0, 961"
7,342,1,"0, 303"
7,105,1,"0, 311"
7,343,1,"0, 316"
7,344,1,"0, 327"
7,345,1,"0, 345"
7,346,1,"0, 352"
7,347,1,"0, 354"
7,348,1,"0, 365"
7,349,2,"0, 372;0, 454"
7,350,1,"0, 376"
7,351,7,"0, 379;0, 520;0, 557;0, 880;0, 1348;0, 1359;0, 1430"
7,163,2,"0, 389;0, 1000"
7,352,1,"0, 391"
7,353,4,"0, 402;0, 497;0, 760;0, 1254"
7,354,1,"0, 403"
7,355,1,"0, 406"
7,36,2,"0, 417;0, 577"
7,356,1,"0, 419"
7,357,1,"0, 426"
7,358,1,"0, 428"
7,10,1,"0, 430"
7,359,1,"0, 438"
7,360,4,"0, 446;0, 511;0, 799;0, 813"
7,361,3,"0, 450;0, 518;0, 674"
7,237,1,"0, 455"
7,362,1,"0, 460"
7,363,2,"0, 467;0, 506"
7,364,2,"0, 476;0, 1092"
7,365,1,"0, 484"
7,366,1,"0, 490"
7,367,2,"0, 495;0, 983"
7,368,1,"0, 499"
7,369,1,"0, 513"
7,370,1,"0, 522"
7,371,1,"0, 567"
7,372,1,"0, 571"
7,373,1,"0, 587"
7,3,1,"0, 588"
7,374,2,"0, 597;0, 1206"
7,375,2,"0, 605;0, 844"
7,376,1,"0, 609"
7,377,1,"0, 629"
7,378,1,"0, 630"
7,379,2,"0, 633;0, 1400"
7,380,1,"0, 635"
7,192,2,"0, 641;0, 741"
7,381,1,"0, 649"
7,382,1,"0, 654"
7,383,2,"0, 658;0, 678"
7,384,1,"0, 663"
7,385,1,"0, 666"
7,386,1,"0, 688"
7,387,2,"0, 696;0, 728"
7,388,1,"0, 706"
7,389,1,"0, 712"
7,390,4,"0, 713;0, 782;0, 840;0, 1123"
7,391,1,"0, 717"
7,392,1,"0, 758"
7,393,2,"0, 769;0, 858"
7,394,1,"0, 770"
7,395,1,"0, 781"
7,396,1,"0, 798"
7,397,1,"0, 824"
7,254,1,"0, 837"
7,257,1,"0, 854"
7,229,1,"0, 861"
7,398,1,"0, 862"
7,399,1,"0, 872"
7,400,2,"0, 879;0, 1358"
7,169,2,"0, 884;0, 1363"
7,401,2,"0, 885;0, 1364"
7,402,2,"0, 887;0, 1366"
7,403,2,"0, 889;0, 1368"
7,404,2,"0, 891;0, 1370"
7,405,2,"0, 896;0, 1375"
7,406,2,"0, 897;0, 1376"
7,407,2,"0, 899;0, 1378"
7,408,2,"0, 913;0, 1392"
7,83,1,"0, 922"
7,19,2,"0, 945;0, 1412"
7,409,1,"0, 952"
7,410,1,"0, 955"
7,411,1,"0, 970"
7,412,1,"0, 974"
7,413,2,"0, 981;0, 1230"
7,414,2,"0, 988;0, 1448"
7,415,1,"0, 992"
7,416,1,"0, 1010"
7,417,1,"0, 1013"
7,418,1,"0, 1034"
7,419,1,"0, 1052"
7,420,2,"0, 1053;0, 1164"
7,421,1,"0, 1073"
7,422,1,"0, 1075"
7,423,1,"0, 1076"
7,424,1,"0, 1083"
7,425,1,"0, 1086"
7,426,2,"0, 1099;0, 1125"
7,427,1,"0, 1106"
7,428,2,"0, 1109;0, 1127"
7,429,2,"0, 1111;0, 1166"
7,78,1,"0, 1115"
7,430,1,"0, 1117"
7,431,1,"0, 1133"
7,432,1,"0, 1137"
7,433,1,"0, 1140"
7,434,1,"0, 1146"
7,435,1,"0, 1152"
7,436,1,"0, 1161"
7,111,1,"0, 1170"
7,437,1,"0, 1178"
7,438,1,"0, 1180"
7,439,1,"0, 1195"
7,106,1,"0, 1199"
7,89,1,"0, 1202"
7,440,1,"0, 1210"
7,441,1,"0, 1215"
7,442,1,"0, 1221"
7,443,1,"0, 1234"
7,444,1,"0, 1237"
7,445,1,"0, 1243"
7,446,1,"0, 1249"
7,447,2,"0, 1265;0, 1285"
7,448,1,"0, 1272"
7,201,1,"0, 1278"
7,449,1,"0, 1280"
7,450,1,"0, 1288"
7,451,1,"0, 1292"
7,248,1,"0, 1293"
7,452,1,"0, 1302"
7,453,1,"0, 1308"
7,454,1,"0, 1309"
7,455,1,"0, 1318"
7,456,1,"0, 1328"
7,240,1,"0, 1343"
7,457,1,"0, 1345"
7,12,1,"0, 1395"
7,458,1,"0, 1398"
7,459,1,"0, 1410"
7,460,1,"0, 1415"
7,461,1,"0, 1417"
7,462,1,"0, 1418"
7,463,1,"0, 1420"
7,464,1,"0, 1424"
7,465,1,"0, 1427"
7,135,1,"0, 1433"
7,158,1,"0, 1437"
7,108,1,"0, 1440"
7,466,1,"0, 1449"
7,467,1,"0, 1451"
7,468,1,"0, 1453"
7,469,1,"2, 4"
7,470,1,"2, 13"
8,471,36,"3, 0;0, 0;0, 97;0, 130;0, 138;0, 163;0, 184;0, 196;0, 250;0, 261;0, 335;0, 377;0, 422;0, 446;0, 465;0, 472;0, 591;0, 630;0, 715;0, 720;0, 735;0, 780;0, 807;0, 816;0, 848;0, 873;0, 883;0, 1095;0, 1120;0, 1140;0, 1208;0, 1226;0, 1237;0, 1257;0, 1288;0, 1315"
8,472,3,"3, 4;0, 4;0, 1049"
8,265,1,"0, 11"
8,473,7,"0, 14;0, 694;0, 1074;0, 1117;0, 1200;0, 1340;0, 1377"
8,474,1,"0, 20"
8,475,1,"0, 23"
8,476,1,"0, 24"
8,477,1,"0, 27"
8,478,1,"0, 29"
8,479,1,"0, 31"
8,480,1,"0, 32"
8,481,1,"0, 42"
8,447,4,"0, 44;0, 72;0, 653;0, 1293"
8,414,1,"0, 54"
8,482,1,"0, 56"
8,19,1,"0, 61"
8,483,1,"0, 65"
8,115,2,"0, 70;0, 840"
8,484,1,"0, 79"
8,367,1,"0, 82"
8,5,2,"0, 92;0, 980"
8,178,1,"0, 101"
8,485,1,"0, 103"
8,36,2,"0, 117;0, 1036"
8,240,1,"0, 121"
8,486,6,"0, 127;0, 236;0, 763;0, 775;0, 796;0, 836"
8,487,14,"0, 132;0, 143;0, 161;0, 173;0, 202;0, 223;0, 241;0, 268;0, 281;0, 332;0, 470;0, 517;0, 728;0, 879"
8,488,2,"0, 133;0, 1131"
8,489,3,"0, 134;0, 355;0, 1132"
8,490,4,"0, 135;0, 263;0, 356;0, 424"
8,491,3,"0, 141;0, 266;0, 479"
8,492,1,"0, 149"
8,283,2,"0, 155;0, 368"
8,84,2,"0, 159;0, 1180"
8,493,3,"0, 167;0, 256;0, 764"
8,494,4,"0, 174;0, 203;0, 333;0, 701"
8,495,1,"0, 180"
8,496,1,"0, 181"
8,497,1,"0, 183"
8,498,1,"0, 193"
8,499,1,"0, 205"
8,500,1,"0, 206"
8,444,2,"0, 208;0, 658"
8,501,1,"0, 217"
8,502,1,"0, 227"
8,503,1,"0, 230"
8,30,1,"0, 244"
8,504,1,"0, 247"
8,415,1,"0, 251"
8,505,1,"0, 286"
8,506,1,"0, 286"
8,507,1,"0, 291"
8,63,2,"0, 312;0, 340"
8,508,1,"0, 313"
8,509,3,"0, 318;0, 349;0, 823"
8,510,1,"0, 341"
8,511,2,"0, 343;0, 640"
8,512,2,"0, 352;0, 1235"
8,513,2,"0, 361;0, 1216"
8,514,1,"0, 364"
8,515,1,"0, 370"
8,516,1,"0, 374"
8,517,1,"0, 378"
8,518,1,"0, 383"
8,519,2,"0, 388;0, 396"
8,150,5,"0, 392;0, 772;0, 858;0, 1075;0, 1361"
8,520,1,"0, 403"
8,521,2,"0, 404;0, 1044"
8,522,1,"0, 450"
8,135,1,"0, 458"
8,523,13,"0, 467;0, 484;0, 497;0, 513;0, 523;0, 544;0, 556;0, 595;0, 638;0, 661;0, 700;0, 730;0, 881"
8,247,2,"0, 468;0, 877"
8,183,7,"0, 475;0, 620;0, 664;0, 704;0, 722;0, 862;0, 886"
8,119,1,"0, 488"
8,524,1,"0, 495"
8,525,2,"0, 503;0, 538"
8,526,1,"0, 508"
8,527,1,"0, 509"
8,528,2,"0, 514;0, 542"
8,529,2,"0, 527;0, 601"
8,167,3,"0, 529;0, 901;0, 1152"
8,114,7,"0, 530;0, 551;0, 564;0, 599;0, 611;0, 613;0, 618"
8,54,1,"0, 565"
8,530,1,"0, 575"
8,531,2,"0, 581;0, 646"
8,532,1,"0, 607"
8,116,4,"0, 622;0, 666;0, 696;0, 966"
8,533,1,"0, 633"
8,111,1,"0, 660"
8,534,1,"0, 662"
8,535,2,"0, 671;0, 680"
8,536,2,"0, 672;0, 681"
8,38,1,"0, 676"
8,537,2,"0, 711;0, 871"
8,538,1,"0, 726"
8,105,1,"0, 742"
8,539,1,"0, 743"
8,540,1,"0, 744"
8,541,1,"0, 754"
8,542,1,"0, 758"
8,543,1,"0, 768"
8,544,1,"0, 770"
8,545,3,"0, 806;0, 1139;0, 1322"
8,57,1,"0, 814"
8,546,1,"0, 825"
8,397,1,"0, 852"
8,547,13,"0, 875;0, 893;0, 897;0, 899;0, 919;0, 958;0, 975;0, 996;0, 1023;0, 1047;0, 1066;0, 1090;0, 1182"
8,548,1,"0, 892"
8,549,1,"0, 896"
8,550,1,"0, 896"
8,551,1,"0, 902"
8,552,1,"0, 907"
8,553,1,"0, 913"
8,554,1,"0, 931"
8,555,1,"0, 933"
8,556,2,"0, 936;0, 1185"
8,80,3,"0, 940;0, 968;0, 972"
8,557,1,"0, 944"
8,558,1,"0, 945"
8,559,1,"0, 956"
8,560,2,"0, 961;0, 1348"
8,561,2,"0, 1002;0, 1030"
8,562,2,"0, 1003;0, 1031"
8,563,2,"0, 1004;0, 1032"
8,564,1,"0, 1016"
8,565,1,"0, 1029"
8,566,1,"0, 1043"
8,567,1,"0, 1068"
8,141,1,"0, 1081"
8,24,2,"0, 1089;0, 1097"
8,256,2,"0, 1100;0, 1299"
8,568,1,"0, 1107"
8,134,1,"0, 1109"
8,569,1,"0, 1125"
8,570,4,"0, 1127;0, 1145;0, 1302;0, 1323"
8,571,3,"0, 1129;0, 1146;0, 1303"
8,572,1,"0, 1133"
8,573,1,"0, 1136"
8,574,4,"0, 1149;0, 1164;0, 1308;0, 1357"
8,575,1,"0, 1154"
8,576,1,"0, 1156"
8,577,1,"0, 1158"
8,387,1,"0, 1165"
8,121,1,"0, 1169"
8,578,1,"0, 1170"
8,579,1,"0, 1173"
8,580,1,"0, 1176"
8,581,1,"0, 1192"
8,582,1,"0, 1197"
8,583,3,"0, 1199;0, 1207;0, 1314"
8,584,1,"0, 1203"
8,585,2,"0, 1213;0, 1291"
8,586,1,"0, 1221"
8,587,1,"0, 1222"
8,588,1,"0, 1234"
8,589,1,"0, 1243"
8,590,1,"0, 1246"
8,591,2,"0, 1248;0, 1326"
8,592,2,"0, 1251;0, 1351"
8,593,1,"0, 1255"
8,594,1,"0, 1262"
8,67,1,"0, 1264"
8,237,1,"0, 1279"
8,595,1,"0, 1282"
8,596,1,"0, 1287"
8,597,1,"0, 1309"
8,192,1,"0, 1317"
8,416,2,"0, 1320;0, 1344"
8,598,1,"0, 1324"
8,599,1,"0, 1328"
8,600,1,"0, 1343"
8,206,1,"0, 1369"
8,601,1,"0, 1374"
8,602,1,"1, 1"
8,603,1,"1, 2"
9,604,4,"3, 0;0, 0;0, 118;0, 749"
9,605,2,"3, 3;0, 3"
9,606,2,"0, 4;0, 62"
9,607,6,"0, 5;0, 147;0, 166;0, 178;0, 965;0, 979"
9,608,2,"0, 6;0, 491"
9,609,1,"0, 9"
9,610,6,"0, 14;0, 59;0, 75;0, 547;0, 734;0, 801"
9,611,4,"0, 17;0, 127;0, 757;0, 1175"
9,395,1,"0, 19"
9,513,5,"0, 20;0, 34;0, 925;0, 995;0, 1125"
9,612,1,"0, 24"
9,613,1,"0, 26"
9,614,1,"0, 29"
9,615,6,"0, 38;0, 60;0, 70;0, 668;0, 701;0, 1127"
9,616,2,"0, 41;0, 1134"
9,617,1,"0, 44"
9,618,1,"0, 48"
9,619,2,"0, 55;0, 347"
9,620,1,"0, 67"
9,621,1,"0, 68"
9,622,1,"0, 69"
9,623,1,"0, 72"
9,624,1,"0, 74"
9,396,1,"0, 76"
9,625,4,"0, 77;0, 432;0, 796;0, 819"
9,262,1,"0, 80"
9,626,1,"0, 81"
9,627,1,"0, 86"
9,526,1,"0, 90"
9,628,1,"0, 92"
9,159,3,"0, 98;0, 548;0, 1311"
9,629,1,"0, 103"
9,630,1,"0, 105"
9,631,2,"0, 106;0, 182"
9,632,4,"0, 108;0, 416;0, 529;0, 600"
9,633,1,"0, 111"
9,634,2,"0, 115;0, 650"
9,635,1,"0, 121"
9,636,1,"0, 123"
9,637,1,"0, 136"
9,638,5,"0, 138;0, 342;0, 359;0, 374;0, 610"
9,639,1,"0, 141"
9,640,1,"0, 142"
9,641,4,"0, 145;0, 273;0, 357;0, 1093"
9,642,1,"0, 150"
9,643,1,"0, 152"
9,644,1,"0, 153"
9,645,1,"0, 155"
9,646,1,"0, 159"
9,647,1,"0, 164"
9,648,1,"0, 167"
9,172,2,"0, 171;0, 372"
9,649,1,"0, 173"
9,341,1,"0, 180"
9,650,1,"0, 181"
9,651,1,"0, 187"
9,652,1,"0, 190"
9,119,2,"0, 194;0, 1238"
9,653,1,"0, 197"
9,654,1,"0, 199"
9,489,5,"0, 203;0, 673;0, 933;0, 976;0, 1169"
9,381,1,"0, 205"
9,655,1,"0, 207"
9,656,1,"0, 210"
9,657,1,"0, 212"
9,658,1,"0, 213"
9,5,1,"0, 228"
9,659,1,"0, 231"
9,660,1,"0, 232"
9,661,1,"0, 240"
9,662,2,"0, 243;0, 252"
9,663,1,"0, 245"
9,664,1,"0, 249"
9,665,1,"0, 251"
9,666,1,"0, 254"
9,667,1,"0, 262"
9,668,1,"0, 263"
9,357,1,"0, 265"
9,669,2,"0, 266;0, 1220"
9,670,1,"0, 268"
9,671,3,"0, 269;0, 285;0, 879"
9,672,1,"0, 271"
9,673,2,"0, 272;0, 309"
9,674,1,"0, 278"
9,675,1,"0, 280"
9,676,1,"0, 281"
9,677,1,"0, 284"
9,678,1,"0, 291"
9,679,1,"0, 296"
9,680,1,"0, 298"
9,681,1,"0, 304"
9,682,1,"0, 306"
9,683,1,"0, 310"
9,684,2,"0, 319;0, 321"
9,685,2,"0, 324;0, 921"
9,686,1,"0, 327"
9,687,1,"0, 330"
9,688,1,"0, 340"
9,205,1,"0, 345"
9,689,1,"0, 349"
9,690,1,"0, 349"
9,691,2,"0, 350;0, 385"
9,692,1,"0, 352"
9,693,2,"0, 367;0, 1051"
9,234,1,"0, 369"
9,694,1,"0, 376"
9,695,1,"0, 386"
9,7,2,"0, 390;0, 466"
9,696,2,"0, 392;0, 429"
9,697,4,"0, 394;0, 894;0, 966;0, 1011"
9,698,1,"0, 398"
9,699,1,"0, 400"
9,700,1,"0, 403"
9,701,1,"0, 409"
9,702,1,"0, 410"
9,703,2,"0, 413;0, 1157"
9,704,1,"0, 418"
9,334,1,"0, 421"
9,705,1,"0, 423"
9,706,3,"0, 433;0, 1009;0, 1035"
9,707,1,"0, 437"
9,708,1,"0, 438"
9,709,1,"0, 440"
9,413,2,"0, 445;0, 623"
9,710,1,"0, 452"
9,711,1,"0, 456"
9,712,1,"0, 464"
9,509,1,"0, 471"
9,713,1,"0, 474"
9,714,1,"0, 479"
9,715,1,"0, 481"
9,716,1,"0, 484"
9,717,1,"0, 486"
9,718,1,"0, 488"
9,719,1,"0, 490"
9,720,1,"0, 496"
9,233,2,"0, 501;0, 962"
9,721,1,"0, 513"
9,722,1,"0, 514"
9,141,2,"0, 518;0, 682"
9,723,1,"0, 520"
9,724,1,"0, 540"
9,725,1,"0, 543"
9,726,1,"0, 546"
9,727,1,"0, 549"
9,728,1,"0, 552"
9,729,2,"0, 553;0, 1275"
9,730,1,"0, 560"
9,731,1,"0, 566"
9,183,1,"0, 569"
9,732,1,"0, 572"
9,733,1,"0, 580"
9,734,1,"0, 581"
9,735,1,"0, 584"
9,135,1,"0, 586"
9,736,1,"0, 594"
9,737,3,"0, 598;0, 887;0, 932"
9,738,1,"0, 604"
9,739,1,"0, 614"
9,740,2,"0, 615;0, 1030"
9,741,1,"0, 619"
9,742,3,"0, 621;0, 736;0, 804"
9,743,1,"0, 622"
9,150,1,"0, 624"
9,199,1,"0, 627"
9,744,1,"0, 629"
9,745,1,"0, 634"
9,746,1,"0, 635"
9,747,1,"0, 638"
9,748,1,"0, 646"
9,749,1,"0, 649"
9,750,1,"0, 651"
9,567,1,"0, 662"
9,751,1,"0, 663"
9,752,1,"0, 666"
9,753,1,"0, 671"
9,754,1,"0, 675"
9,755,1,"0, 687"
9,756,1,"0, 694"
9,757,1,"0, 695"
9,758,1,"0, 696"
9,449,1,"0, 697"
9,759,1,"0, 698"
9,760,1,"0, 700"
9,461,1,"0, 705"
9,761,1,"0, 707"
9,762,1,"0, 710"
9,763,1,"0, 711"
9,764,1,"0, 715"
9,765,1,"0, 716"
9,766,1,"0, 730"
9,767,1,"0, 731"
9,768,1,"0, 735"
9,769,1,"0, 738"
9,770,2,"0, 740;0, 764"
9,771,1,"0, 743"
9,591,1,"0, 745"
9,178,1,"0, 747"
9,287,1,"0, 748"
9,772,2,"0, 752;0, 952"
9,217,1,"0, 772"
9,773,1,"0, 786"
9,774,1,"0, 793"
9,775,1,"0, 795"
9,776,2,"0, 803;0, 877"
9,777,1,"0, 806"
9,778,1,"0, 808"
9,779,1,"0, 810"
9,780,1,"0, 817"
9,781,1,"0, 818"
9,782,1,"0, 823"
9,783,1,"0, 830"
9,784,1,"0, 831"
9,785,4,"0, 832;0, 1084;0, 1116;2, 1"
9,786,1,"0, 835"
9,787,1,"0, 837"
9,788,1,"0, 838"
9,789,3,"0, 839;0, 1174;0, 1231"
9,84,1,"0, 840"
9,790,1,"0, 842"
9,594,1,"0, 848"
9,791,1,"0, 851"
9,792,1,"0, 855"
9,793,1,"0, 856"
9,794,1,"0, 860"
9,795,1,"0, 861"
9,256,1,"0, 864"
9,796,1,"0, 881"
9,797,1,"0, 885"
9,798,1,"0, 912"
9,20,1,"0, 914"
9,799,1,"0, 915"
9,800,2,"0, 918;0, 942"
9,801,1,"0, 938"
9,802,1,"0, 950"
9,66,1,"0, 954"
9,58,1,"0, 963"
9,803,1,"0, 980"
9,804,5,"0, 982;0, 1005;0, 1014;0, 1041;0, 1072"
9,805,1,"0, 987"
9,806,1,"0, 1000"
9,807,1,"0, 1022"
9,808,1,"0, 1024"
9,809,1,"0, 1026"
9,810,1,"0, 1028"
9,811,1,"0, 1058"
9,358,2,"0, 1064;0, 1136"
9,812,1,"0, 1074"
9,813,1,"0, 1077"
9,814,1,"0, 1080"
9,815,1,"0, 1088"
9,816,1,"0, 1099"
9,817,1,"0, 1104"
9,818,1,"0, 1111"
9,819,1,"0, 1114"
9,820,1,"0, 1121"
9,821,1,"0, 1123"
9,145,1,"0, 1131"
9,822,1,"0, 1133"
9,823,2,"0, 1142;0, 1318"
9,824,1,"0, 1144"
9,825,1,"0, 1146"
9,826,1,"0, 1151"
9,827,1,"0, 1160"
9,200,1,"0, 1162"
9,828,1,"0, 1163"
9,829,1,"0, 1165"
9,830,2,"0, 1167;0, 1213"
9,831,1,"0, 1170"
9,832,1,"0, 1181"
9,833,1,"0, 1183"
9,834,2,"0, 1188;0, 1256"
9,835,1,"0, 1190"
9,836,1,"0, 1197"
9,837,1,"0, 1203"
9,838,1,"0, 1218"
9,839,1,"0, 1222"
9,840,1,"0, 1223"
9,841,1,"0, 1226"
9,584,2,"0, 1232;0, 1301"
9,842,1,"0, 1235"
9,81,1,"0, 1239"
9,843,1,"0, 1242"
9,844,1,"0, 1245"
9,367,1,"0, 1246"
9,188,1,"0, 1248"
9,845,1,"0, 1252"
9,846,1,"0, 1253"
9,847,1,"0, 1268"
9,848,1,"0, 1269"
9,849,1,"0, 1271"
9,850,1,"0, 1298"
9,851,1,"0, 1303"
9,852,1,"0, 1308"
9,853,1,"0, 1309"
9,854,1,"0, 1316"
9,855,1,"0, 1319"
9,856,1,"0, 1321"
9,857,1,"0, 1323"
9,858,1,"0, 1325"
9,859,1,"0, 1335"
9,860,1,"0, 1338"
9,861,1,"2, 14"
9,862,1,"2, 15"
9,863,1,"1, 1"
9,864,1,"1, 2"
10,865,3,"3, 1;0, 904;0, 1004"
10,81,2,"3, 2;0, 905"
10,866,3,"3, 3;0, 110;0, 160"
10,134,8,"3, 5;0, 367;0, 545;0, 610;0, 702;0, 814;0, 918;0, 991"
10,867,13,"3, 7;0, 72;0, 151;0, 168;0, 201;0, 228;0, 238;0, 356;0, 451;0, 899;0, 915;0, 994;0, 1036"
10,868,1,"0, 1"
10,869,1,"0, 3"
10,870,1,"0, 4"
10,871,1,"0, 21"
10,872,4,"0, 24;0, 721;0, 770;0, 968"
10,873,2,"0, 26;0, 962"
10,874,1,"0, 29"
10,875,1,"0, 35"
10,398,1,"0, 37"
10,876,2,"0, 39;0, 700"
10,877,1,"0, 45"
10,417,1,"0, 49"
10,878,3,"0, 50;0, 295;0, 744"
10,879,1,"0, 57"
10,880,1,"0, 71"
10,881,1,"0, 77"
10,882,2,"0, 78;0, 1008"
10,883,1,"0, 80"
10,884,1,"0, 84"
10,885,1,"0, 87"
10,69,1,"0, 91"
10,678,1,"0, 95"
10,886,1,"0, 99"
10,92,1,"0, 103"
10,887,1,"0, 104"
10,888,1,"0, 106"
10,889,2,"0, 111;0, 182"
10,890,1,"0, 117"
10,181,4,"0, 118;0, 395;0, 454;0, 892"
10,361,2,"0, 120;0, 261"
10,891,1,"0, 123"
10,892,1,"0, 124"
10,893,1,"0, 128"
10,894,1,"0, 133"
10,895,1,"0, 135"
10,896,2,"0, 138;0, 790"
10,743,1,"0, 140"
10,897,1,"0, 141"
10,898,1,"0, 144"
10,300,1,"0, 155"
10,899,2,"0, 165;0, 848"
10,623,1,"0, 167"
10,505,2,"0, 172;0, 818"
10,900,1,"0, 174"
10,901,2,"0, 176;0, 849"
10,456,2,"0, 177;0, 850"
10,902,2,"0, 179;0, 852"
10,903,2,"0, 187;0, 496"
10,470,3,"0, 188;0, 881;2, 14"
10,904,3,"0, 189;0, 882;0, 1032"
10,288,5,"0, 191;0, 774;0, 800;0, 847;0, 884"
10,656,1,"0, 197"
10,905,2,"0, 200;0, 354"
10,906,2,"0, 206;0, 1055"
10,907,1,"0, 207"
10,908,1,"0, 210"
10,909,1,"0, 214"
10,910,1,"0, 216"
10,911,1,"0, 218"
10,912,1,"0, 221"
10,728,1,"0, 242"
10,913,1,"0, 245"
10,256,1,"0, 248"
10,914,1,"0, 251"
10,542,1,"0, 256"
10,915,1,"0, 263"
10,916,1,"0, 265"
10,917,1,"0, 270"
10,709,1,"0, 271"
10,918,1,"0, 274"
10,919,1,"0, 278"
10,231,1,"0, 282"
10,920,1,"0, 286"
10,921,1,"0, 298"
10,922,1,"0, 321"
10,923,1,"0, 326"
10,924,1,"0, 336"
10,925,1,"0, 338"
10,129,1,"0, 363"
10,926,4,"0, 376;0, 431;0, 445;0, 943"
10,927,1,"0, 389"
10,163,2,"0, 398;0, 1048"
10,928,2,"0, 399;0, 640"
10,929,2,"0, 400;0, 552"
10,930,1,"0, 424"
10,931,1,"0, 457"
10,932,1,"0, 457"
10,933,1,"0, 464"
10,6,1,"0, 466"
10,393,1,"0, 468"
10,934,3,"0, 470;0, 707;2, 8"
10,935,1,"0, 479"
10,67,1,"0, 482"
10,137,3,"0, 482;0, 518;0, 678"
10,360,1,"0, 486"
10,936,1,"0, 487"
10,937,1,"0, 488"
10,938,2,"0, 491;1, 1"
10,939,2,"0, 499;0, 764"
10,940,1,"0, 502"
10,941,1,"0, 506"
10,942,1,"0, 515"
10,943,1,"0, 521"
10,944,2,"0, 525;0, 612"
10,945,1,"0, 528"
10,397,1,"0, 543"
10,946,1,"0, 547"
10,947,1,"0, 550"
10,948,1,"0, 555"
10,385,2,"0, 565;0, 690"
10,949,1,"0, 573"
10,950,1,"0, 583"
10,349,1,"0, 589"
10,951,1,"0, 593"
10,952,1,"0, 596"
10,953,1,"0, 598"
10,954,1,"0, 625"
10,153,1,"0, 628"
10,955,1,"0, 646"
10,464,1,"0, 649"
10,956,1,"0, 654"
10,957,1,"0, 656"
10,531,1,"0, 664"
10,211,2,"0, 671;0, 673"
10,958,1,"0, 684"
10,959,1,"0, 710"
10,960,3,"0, 712;0, 767;0, 896"
10,961,1,"0, 719"
10,244,1,"0, 727"
10,375,1,"0, 736"
10,962,1,"0, 740"
10,189,1,"0, 750"
10,963,1,"0, 752"
10,964,1,"0, 766"
10,144,1,"0, 772"
10,965,1,"0, 777"
10,966,1,"0, 787"
10,967,1,"0, 791"
10,968,1,"0, 792"
10,969,1,"0, 793"
10,970,1,"0, 794"
10,237,1,"0, 797"
10,240,1,"0, 827"
10,101,2,"0, 836;0, 1056"
10,971,1,"0, 866"
10,972,1,"0, 867"
10,973,1,"0, 869"
10,262,2,"0, 871;2, 11"
10,974,1,"0, 873"
10,446,1,"0, 880"
10,975,1,"0, 889"
10,381,1,"0, 895"
10,976,2,"0, 898;0, 1035"
10,545,1,"0, 906"
10,84,3,"0, 907;0, 956;0, 1022"
10,174,1,"0, 912"
10,83,1,"0, 924"
10,977,1,"0, 936"
10,978,1,"0, 939"
10,979,1,"0, 953"
10,115,1,"0, 973"
10,980,1,"0, 983"
10,981,1,"0, 997"
10,558,1,"0, 998"
10,253,1,"0, 1010"
10,982,1,"0, 1012"
10,983,1,"0, 1017"
10,714,1,"0, 1020"
10,984,1,"0, 1031"
10,985,1,"0, 1040"
10,178,1,"0, 1046"
10,269,1,"2, 1"
10,986,1,"1, 2"
11,137,30,"3, 5;0, 6;0, 11;0, 54;0, 76;0, 98;0, 159;0, 244;0, 258;0, 284;0, 326;0, 431;0, 494;0, 641;0, 827;0, 881;0, 902;0, 908;0, 1162;0, 1177;0, 1195;0, 1202;0, 1267;0, 1288;0, 1543;0, 1557;0, 1618;0, 1641;0, 1667;2, 4"
11,669,2,"0, 3;0, 530"
11,163,10,"0, 9;0, 69;0, 242;0, 504;0, 792;0, 808;0, 1261;0, 1535;0, 1555;0, 1562"
11,987,1,"0, 19"
11,897,5,"0, 20;0, 38;0, 1602;0, 1604;0, 1606"
11,940,1,"0, 21"
11,536,1,"0, 27"
11,988,3,"0, 33;0, 250;0, 1659"
11,989,1,"0, 37"
11,990,2,"0, 43;0, 1551"
11,731,1,"0, 50"
11,991,2,"0, 53;0, 97"
11,992,1,"0, 62"
11,993,1,"0, 67"
11,994,1,"0, 72"
11,6,1,"0, 74"
11,189,2,"0, 77;0, 160"
11,995,6,"0, 78;0, 161;0, 207;0, 252;0, 395;0, 984"
11,899,1,"0, 81"
11,996,4,"0, 82;0, 1076;0, 1236;0, 1544"
11,832,7,"0, 83;0, 1181;0, 1199;0, 1237;0, 1290;0, 1310;0, 1545"
11,139,1,"0, 86"
11,997,4,"0, 94;0, 422;0, 514;0, 800"
11,956,1,"0, 103"
11,464,1,"0, 105"
11,998,2,"0, 110;0, 872"
11,999,1,"0, 114"
11,150,1,"0, 122"
11,153,1,"0, 137"
11,254,1,"0, 144"
11,958,2,"0, 166;0, 957"
11,162,1,"0, 174"
11,206,1,"0, 194"
11,57,2,"0, 199;0, 892"
11,482,4,"0, 213;0, 225;0, 362;0, 368"
11,882,6,"0, 220;0, 282;0, 292;0, 992;0, 1062;0, 1081"
11,699,2,"0, 223;0, 1427"
11,141,1,"0, 227"
11,36,1,"0, 230"
11,916,1,"0, 256"
11,446,1,"0, 257"
11,844,1,"0, 264"
11,78,2,"0, 270;0, 845"
11,132,2,"0, 295;0, 534"
11,108,1,"0, 322"
11,906,2,"0, 352;0, 508"
11,89,1,"0, 379"
11,814,1,"0, 428"
11,192,4,"0, 434;0, 788;0, 1443;0, 1487"
11,119,1,"0, 443"
11,436,3,"0, 461;0, 648;0, 682"
11,127,1,"0, 488"
11,728,1,"0, 550"
11,115,2,"0, 600;0, 660"
11,101,3,"0, 662;0, 688;0, 710"
11,518,5,"0, 663;0, 671;0, 705;0, 740;0, 1117"
11,134,1,"0, 694"
11,511,1,"0, 715"
11,890,1,"0, 722"
11,714,1,"0, 731"
11,221,2,"0, 734;0, 943"
11,27,1,"0, 737"
11,45,2,"0, 754;0, 1145"
11,172,2,"0, 781;0, 812"
11,125,2,"0, 785;0, 815"
11,644,1,"0, 794"
11,92,1,"0, 796"
11,954,2,"0, 834;0, 844"
11,904,1,"0, 835"
11,281,1,"0, 840"
11,129,2,"0, 849;0, 1556"
11,656,1,"0, 855"
11,623,1,"0, 882"
11,470,1,"0, 896"
11,975,1,"0, 917"
11,136,1,"0, 938"
11,520,1,"0, 965"
11,947,4,"0, 976;0, 1089;0, 1160;0, 1444"
11,83,1,"0, 980"
11,413,1,"0, 1006"
11,630,1,"0, 1017"
11,980,1,"0, 1048"
11,181,1,"0, 1049"
11,929,1,"0, 1077"
11,610,1,"0, 1142"
11,244,1,"0, 1182"
11,178,1,"0, 1210"
11,724,1,"0, 1242"
11,160,2,"0, 1276;2, 7"
11,188,1,"0, 1286"
11,20,4,"0, 1322;0, 1330;0, 1372;0, 1412"
11,30,1,"0, 1324"
11,942,1,"0, 1392"
11,526,1,"0, 1398"
11,963,1,"0, 1400"
11,907,2,"0, 1429;0, 1457"
11,846,1,"0, 1432"
11,471,1,"0, 1515"
11,367,1,"0, 1538"
11,88,1,"0, 1548"
11,571,1,"0, 1566"
11,135,1,"0, 1585"
11,270,1,"2, 1"
12,630,1,"3, 2"
12,94,1,"3, 4"
12,553,2,"0, 33;0, 332"
12,192,2,"0, 75;0, 453"
12,119,1,"0, 101"
12,135,2,"0, 110;0, 138"
12,945,5,"0, 122;0, 291;0, 362;0, 395;0, 560"
12,818,1,"0, 154"
12,542,1,"0, 204"
12,23,1,"0, 214"
12,205,1,"0, 218"
12,240,1,"0, 234"
12,256,2,"0, 242;0, 341"
12,24,1,"0, 249"
12,669,1,"0, 250"
12,489,2,"0, 279;0, 441"
12,939,1,"0, 338"
12,857,1,"0, 345"
12,397,1,"0, 350"
12,878,1,"0, 366"
12,513,1,"0, 378"
12,2,1,"0, 381"
12,644,2,"0, 392;0, 524"
12,391,1,"0, 447"
12,416,1,"0, 454"
12,975,3,"0, 474;0, 507;0, 521"
12,500,1,"0, 490"
12,121,1,"0, 510"
12,13,1,"0, 514"
12,609,1,"0, 534"
12,560,1,"0, 536"
12,509,1,"0, 540"
13,222,2,"3, 3;0, 489"
13,991,7,"0, 13;0, 252;0, 303;0, 334;0, 465;0, 554;0, 782"
13,10,1,"0, 37"
13,666,1,"0, 67"
13,96,1,"0, 72"
13,738,2,"0, 104;0, 207"
13,137,3,"0, 121;0, 187;2, 1"
13,418,1,"0, 129"
13,436,1,"0, 136"
13,24,2,"0, 145;0, 201"
13,319,1,"0, 164"
13,271,1,"0, 166"
13,89,1,"0, 256"
13,161,1,"0, 273"
13,172,2,"0, 344;0, 1211"
13,136,1,"0, 370"
13,676,1,"0, 433"
13,516,1,"0, 439"
13,653,2,"0, 460;0, 545"
13,509,1,"0, 476"
13,197,2,"0, 480;0, 576"
13,751,1,"0, 501"
13,100,1,"0, 503"
13,983,1,"0, 509"
13,929,2,"0, 517;0, 619"
13,788,1,"0, 520"
13,164,1,"0, 551"
13,67,1,"0, 561"
13,98,1,"0, 563"
13,449,2,"0, 582;0, 1178"
13,813,4,"0, 625;0, 629;0, 973;0, 986"
13,843,1,"0, 676"
13,527,1,"0, 680"
13,796,1,"0, 687"
13,541,1,"0, 706"
13,481,1,"0, 738"
13,822,1,"0, 763"
13,393,1,"0, 797"
13,905,1,"0, 799"
13,167,1,"0, 826"
13,369,2,"0, 833;0, 1004"
13,921,1,"0, 841"
13,731,1,"0, 855"
13,83,2,"0, 880;0, 1145"
13,398,1,"0, 898"
13,825,1,"0, 899"
13,814,1,"0, 913"
13,826,1,"0, 942"
13,670,1,"0, 978"
13,542,1,"0, 1023"
13,531,1,"0, 1026"
13,613,2,"0, 1036;0, 1153"
13,106,1,"0, 1042"
13,254,1,"0, 1077"
13,153,1,"0, 1078"
13,287,1,"0, 1112"
13,150,1,"0, 1115"
13,785,1,"0, 1120"
13,951,2,"0, 1124;0, 1131"
13,142,1,"0, 1127"
13,644,1,"0, 1162"
13,981,1,"0, 1197"
13,755,3,"0, 1199;0, 1204;0, 1228"
13,215,1,"0, 1208"
13,512,1,"0, 1209"
13,575,1,"0, 1212"
13,392,1,"0, 1215"
13,948,1,"0, 1217"
13,349,1,"0, 1231"
13,190,1,"0, 1232"
13,82,1,"0, 1239"
14,941,1,"3, 1"
14,71,4,"3, 2;0, 160;0, 385;0, 819"
14,114,9,"0, 15;0, 170;0, 176;0, 215;0, 291;0, 328;0, 339;0, 398;0, 593"
14,89,2,"0, 59;0, 151"
14,80,2,"0, 105;0, 752"
14,583,4,"0, 111;0, 123;0, 204;0, 526"
14,713,1,"0, 113"
14,699,1,"0, 114"
14,415,1,"0, 115"
14,616,4,"0, 120;0, 531;0, 647;0, 806"
14,610,1,"0, 132"
14,45,4,"0, 146;0, 345;0, 354;0, 393"
14,106,1,"0, 148"
14,186,1,"0, 153"
14,897,2,"0, 191;0, 684"
14,633,1,"0, 206"
14,375,1,"0, 222"
14,137,5,"0, 232;0, 264;0, 560;0, 596;0, 617"
14,115,2,"0, 239;0, 567"
14,128,3,"0, 268;0, 732;0, 769"
14,842,1,"0, 271"
14,233,1,"0, 281"
14,438,1,"0, 315"
14,835,1,"0, 322"
14,991,3,"0, 325;0, 581;0, 710"
14,478,1,"0, 430"
14,100,2,"0, 450;0, 464"
14,105,1,"0, 488"
14,862,1,"0, 492"
14,172,3,"0, 505;0, 609;0, 625"
14,108,1,"0, 598"
14,489,1,"0, 607"
14,101,1,"0, 663"
14,447,1,"0, 670"
14,84,1,"0, 673"
14,481,1,"0, 692"
14,4,1,"0, 715"
14,738,1,"0, 719"
14,578,1,"0, 746"
14,538,2,"0, 749;0, 753"
14,81,2,"0, 757;0, 778"
14,905,1,"0, 760"
14,270,1,"2, 1"
14,934,1,"2, 10"
15,541,2,"0, 2;0, 95"
15,189,1,"0, 9"
15,461,6,"0, 18;0, 24;0, 265;0, 431;0, 479;0, 654"
15,946,1,"0, 35"
15,613,1,"0, 79"
15,181,2,"0, 80;0, 89"
15,939,1,"0, 114"
15,217,4,"0, 116;0, 292;0, 522;0, 577"
15,134,1,"0, 143"
15,921,1,"0, 147"
15,912,4,"0, 182;0, 440;0, 473;0, 518"
15,44,1,"0, 187"
15,54,1,"0, 189"
15,119,1,"0, 207"
15,375,1,"0, 216"
15,397,1,"0, 240"
15,878,1,"0, 256"
15,195,1,"0, 284"
15,211,1,"0, 297"
15,828,1,"0, 308"
15,190,1,"0, 322"
15,842,1,"0, 347"
15,881,1,"0, 349"
15,490,1,"0, 359"
15,360,1,"0, 362"
15,255,1,"0, 369"
15,993,1,"0, 385"
15,733,1,"0, 400"
15,334,2,"0, 407;0, 545"
15,301,1,"0, 418"
15,413,1,"0, 420"
15,203,1,"0, 443"
15,511,1,"0, 445"
15,367,1,"0, 474"
15,468,2,"0, 492;0, 564"
15,435,1,"0, 511"
15,610,1,"0, 538"
15,623,2,"0, 552;0, 630"
15,235,1,"0, 555"
15,89,1,"0, 596"
15,906,1,"0, 597"
15,837,1,"0, 619"
16,134,3,"0, 6;0, 855;0, 955"
16,926,2,"0, 12;0, 55"
16,426,1,"0, 32"
16,255,4,"0, 34;0, 355;0, 619;0, 1529"
16,24,3,"0, 38;0, 354;0, 445"
16,153,1,"0, 44"
16,344,1,"0, 46"
16,695,6,"0, 48;0, 487;0, 1194;0, 1249;0, 1436;0, 1466"
16,42,1,"0, 52"
16,916,3,"0, 68;0, 1289;0, 1510"
16,105,1,"0, 69"
16,11,1,"0, 71"
16,108,2,"0, 107;0, 1580"
16,21,4,"0, 108;0, 568;0, 645;0, 1040"
16,232,1,"0, 114"
16,807,1,"0, 143"
16,208,1,"0, 145"
16,172,4,"0, 160;0, 260;0, 279;0, 331"
16,361,3,"0, 195;0, 227;0, 345"
16,723,1,"0, 255"
16,448,1,"0, 265"
16,285,2,"0, 285;0, 543"
16,505,2,"0, 285;0, 543"
16,661,1,"0, 299"
16,81,7,"0, 333;0, 572;0, 673;0, 680;0, 869;0, 1022;0, 1067"
16,119,4,"0, 340;0, 559;0, 655;0, 1300"
16,199,1,"0, 377"
16,168,1,"0, 397"
16,252,2,"0, 458;0, 468"
16,129,1,"0, 506"
16,137,8,"0, 514;0, 926;0, 1081;0, 1362;0, 1471;0, 1514;0, 1577;2, 13"
16,560,1,"0, 518"
16,171,1,"0, 546"
16,80,1,"0, 594"
16,100,1,"0, 602"
16,562,1,"0, 610"
16,446,1,"0, 649"
16,879,1,"0, 653"
16,712,1,"0, 657"
16,530,2,"0, 665;0, 1296"
16,669,1,"0, 688"
16,163,1,"0, 697"
16,310,1,"0, 702"
16,432,1,"0, 729"
16,738,1,"0, 744"
16,93,4,"0, 782;0, 797;0, 809;0, 836"
16,468,1,"0, 786"
16,930,1,"0, 788"
16,502,1,"0, 801"
16,520,1,"0, 817"
16,115,2,"0, 829;0, 1334"
16,533,1,"0, 831"
16,67,1,"0, 849"
16,903,2,"0, 852;0, 891"
16,268,3,"0, 872;0, 1070;0, 1138"
16,236,1,"0, 972"
16,743,1,"0, 979"
16,958,1,"0, 982"
16,381,2,"0, 988;0, 1537"
16,973,1,"0, 992"
16,301,1,"0, 1034"
16,655,1,"0, 1076"
16,132,1,"0, 1082"
16,150,1,"0, 1111"
16,338,1,"0, 1136"
16,872,1,"0, 1163"
16,135,1,"0, 1168"
16,139,3,"0, 1207;0, 1260;0, 1422"
16,991,1,"0, 1331"
16,466,1,"0, 1392"
16,969,1,"0, 1448"
16,216,1,"0, 1476"
16,936,1,"0, 1492"
16,999,1,"0, 1559"
16,53,1,"0, 1587"
16,897,1,"0, 1592"
16,181,1,"0, 1605"
16,270,1,"2, 4"
16,269,1,"2, 10"
17,399,2,"0, 5;0, 180"
17,186,1,"0, 10"
17,84,1,"0, 37"
17,992,1,"0, 55"
17,36,1,"0, 99"
17,939,1,"0, 128"
17,937,1,"0, 130"
17,19,1,"0, 152"
17,319,1,"0, 165"
17,514,1,"0, 200"
18,134,4,"3, 14;0, 14;0, 98;0, 299"
18,128,6,"3, 19;0, 19;0, 219;0, 236;0, 320;0, 367"
18,105,3,"0, 45;0, 364;0, 447"
18,436,4,"0, 48;0, 87;0, 453;0, 492"
18,983,1,"0, 58"
18,513,2,"0, 61;0, 250"
18,461,3,"0, 68;0, 152;0, 486"
18,19,1,"0, 71"
18,857,3,"0, 103;0, 304;0, 390"
18,707,5,"0, 136;0, 286;0, 315;0, 334;0, 615"
18,482,1,"0, 159"
18,215,3,"0, 218;0, 235;0, 319"
18,24,1,"0, 227"
18,240,2,"0, 229;0, 506"
18,37,1,"0, 242"
18,533,1,"0, 256"
18,477,1,"0, 276"
18,823,3,"0, 280;0, 438;0, 462"
18,172,3,"0, 311;0, 329;0, 350"
18,119,1,"0, 336"
18,426,3,"0, 342;0, 475;0, 585"
18,489,1,"0, 407"
18,76,1,"0, 413"
18,710,1,"0, 419"
18,613,1,"0, 433"
18,192,1,"0, 434"
18,56,1,"0, 454"
18,430,1,"0, 460"
18,295,1,"0, 532"
18,968,1,"0, 548"
18,256,1,"0, 561"
18,84,1,"0, 570"
18,6,1,"0, 600"
18,610,1,"0, 609"
18,466,1,"0, 611"
18,999,1,"0, 632"
18,352,1,"0, 642"
18,148,1,"0, 643"
18,0,1,"2, 1"
19,189,2,"3, 1;0, 904"
19,129,8,"3, 2;0, 204;0, 403;0, 425;0, 500;0, 1055;0, 1830;0, 2288"
19,137,31,"3, 5;0, 18;0, 210;0, 276;0, 286;0, 310;0, 428;0, 453;0, 507;0, 796;0, 808;0, 833;0, 903;0, 1035;0, 1050;0, 1258;0, 1331;0, 1411;0, 1421;0, 1655;0, 1727;0, 1790;0, 1804;0, 1826;0, 1879;0, 2114;0, 2122;0, 2194;0, 2203;2, 4;2, 10"
19,125,15,"0, 12;0, 220;0, 312;0, 448;0, 547;0, 558;0, 587;0, 759;0, 798;0, 830;0, 999;0, 1073;0, 1591;0, 1650;0, 1732"
19,907,2,"0, 36;0, 1492"
19,456,4,"0, 38;0, 342;0, 2251;0, 2314"
19,774,1,"0, 40"
19,397,1,"0, 42"
19,175,1,"0, 48"
19,814,1,"0, 59"
19,899,8,"0, 65;0, 125;0, 264;0, 409;0, 480;0, 494;0, 542;0, 791"
19,944,4,"0, 67;0, 867;0, 923;0, 1444"
19,4,1,"0, 79"
19,623,6,"0, 81;0, 424;0, 529;0, 1223;0, 1782;0, 2185"
19,489,3,"0, 109;0, 376;0, 979"
19,228,2,"0, 159;0, 1929"
19,148,1,"0, 160"
19,136,2,"0, 177;0, 605"
19,994,1,"0, 194"
19,163,6,"0, 202;0, 499;0, 1078;0, 1122;0, 1714;0, 2311"
19,179,1,"0, 219"
19,998,2,"0, 226;0, 489"
19,999,1,"0, 230"
19,153,1,"0, 250"
19,254,1,"0, 257"
19,186,1,"0, 277"
19,192,1,"0, 322"
19,233,5,"0, 331;0, 627;0, 1668;0, 1746;0, 2140"
19,115,3,"0, 346;0, 1007;0, 2228"
19,74,3,"0, 462;0, 1687;0, 1716"
19,446,3,"0, 464;0, 1565;0, 1689"
19,83,2,"0, 514;0, 2173"
19,945,1,"0, 532"
19,731,4,"0, 566;0, 576;0, 748;0, 757"
19,105,1,"0, 574"
19,150,6,"0, 608;0, 745;0, 847;0, 1393;0, 1453;0, 1658"
19,161,1,"0, 670"
19,208,1,"0, 702"
19,843,2,"0, 732;0, 1791"
19,796,1,"0, 738"
19,520,1,"0, 761"
19,149,1,"0, 766"
19,912,5,"0, 782;0, 909;0, 1271;0, 1291;0, 1328"
19,971,4,"0, 785;0, 912;0, 1379;0, 1382"
19,920,1,"0, 803"
19,174,2,"0, 813;0, 843"
19,699,7,"0, 839;0, 860;0, 1632;0, 1737;0, 1756;0, 1769;0, 1818"
19,264,1,"0, 883"
19,100,2,"0, 921;0, 1695"
19,10,1,"0, 929"
19,738,1,"0, 949"
19,584,1,"0, 954"
19,134,1,"0, 957"
19,159,1,"0, 959"
19,449,2,"0, 962;0, 971"
19,245,1,"0, 994"
19,342,1,"0, 1009"
19,172,1,"0, 1014"
19,256,2,"0, 1020;0, 1094"
19,119,2,"0, 1033;0, 1409"
19,237,6,"0, 1086;0, 1153;0, 1233;0, 2000;0, 2057;0, 2096"
19,505,5,"0, 1159;0, 1355;0, 1788;0, 2065;0, 2081"
19,865,1,"0, 1162"
19,644,4,"0, 1224;0, 1643;0, 2098;0, 2107"
19,270,8,"0, 1228;0, 1416;0, 1426;0, 1433;0, 1610;0, 1760;0, 1773;2, 7"
19,367,1,"0, 1263"
19,244,1,"0, 1368"
19,545,1,"0, 1396"
19,996,1,"0, 1482"
19,178,2,"0, 1515;0, 1635"
19,79,1,"0, 1517"
19,89,2,"0, 1575;0, 1600"
19,255,2,"0, 1603;0, 1606"
19,426,3,"0, 1605;0, 2013;0, 2025"
19,413,1,"0, 1614"
19,139,1,"0, 1624"
19,823,1,"0, 1670"
19,300,1,"0, 1749"
19,53,1,"0, 1784"
19,488,1,"0, 1820"
19,130,1,"0, 1822"
19,916,1,"0, 1838"
19,648,1,"0, 1868"
19,268,1,"0, 1882"
19,900,1,"0, 1909"
19,211,1,"0, 1910"
19,466,2,"0, 1954;0, 1972"
19,941,2,"0, 2008;0, 2020"
19,85,3,"0, 2059;0, 2066;0, 2082"
19,565,2,"0, 2075;0, 2091"
19,447,1,"0, 2112"
19,141,1,"0, 2142"
19,241,1,"0, 2151"
19,88,1,"0, 2188"
19,668,1,"0, 2213"
19,188,1,"0, 2239"
19,217,1,"0, 2278"
19,497,1,"0, 2301"
19,262,1,"2, 1"
